id,vehicle_size,economic_sector,nace_section,company_id
1106000161,1,PUBLIC ADMINISTRATION AND DEFENCE. COMPULSORY SOCIAL SECURITY,15,110615
1106000171,3,PUBLIC ADMINISTRATION AND DEFENCE. COMPULSORY SOCIAL SECURITY,15,110615
1106000181,1,PUBLIC ADMINISTRATION AND DEFENCE. COMPULSORY SOCIAL SECURITY,15,110615
1106000191,2,PUBLIC ADMINISTRATION AND DEFENCE. COMPULSORY SOCIAL SECURITY,15,110615
1106000201,1,PUBLIC ADMINISTRATION AND DEFENCE. COMPULSORY SOCIAL SECURITY,15,110615
1106000211,1,PUBLIC ADMINISTRATION AND DEFENCE. COMPULSORY SOCIAL SECURITY,15,110615
1106000221,1,PUBLIC ADMINISTRATION AND DEFENCE. COMPULSORY SOCIAL SECURITY,15,110615
1106000231,4,ELECTRICITY. GAS. STEAM AND AIR CONDITIONING SUPPLY,4,110616
1106000241,4,ELECTRICITY. GAS. STEAM AND AIR CONDITIONING SUPPLY,4,110616
1106000251,4,ELECTRICITY. GAS. STEAM AND AIR CONDITIONING SUPPLY,4,110616
1106000261,1,ELECTRICITY. GAS. STEAM AND AIR CONDITIONING SUPPLY,4,110616
1106000271,4,ELECTRICITY. GAS. STEAM AND AIR CONDITIONING SUPPLY,4,110616
1106000281,2,ELECTRICITY. GAS. STEAM AND AIR CONDITIONING SUPPLY,4,110616
1106000291,2,ELECTRICITY. GAS. STEAM AND AIR CONDITIONING SUPPLY,4,110616
1106000301,4,ELECTRICITY. GAS. STEAM AND AIR CONDITIONING SUPPLY,4,110616
1106000311,2,ELECTRICITY. GAS. STEAM AND AIR CONDITIONING SUPPLY,4,110616
1106000321,2,ELECTRICITY. GAS. STEAM AND AIR CONDITIONING SUPPLY,4,110616
1106000331,2,PUBLIC ADMINISTRATION AND DEFENCE. COMPULSORY SOCIAL SECURITY,15,110612
1106000341,4,PUBLIC ADMINISTRATION AND DEFENCE. COMPULSORY SOCIAL SECURITY,15,110612
1106000351,4,PUBLIC ADMINISTRATION AND DEFENCE. COMPULSORY SOCIAL SECURITY,15,110612
1106000361,4,PUBLIC ADMINISTRATION AND DEFENCE. COMPULSORY SOCIAL SECURITY,15,110612
1106000371,4,PUBLIC ADMINISTRATION AND DEFENCE. COMPULSORY SOCIAL SECURITY,15,110612
1106000381,4,PUBLIC ADMINISTRATION AND DEFENCE. COMPULSORY SOCIAL SECURITY,15,110612
1106000391,2,ADMINISTRATIVE AND SUPPORT SERVICE ACTIVITIES,14,110604
1106000411,2,ADMINISTRATIVE AND SUPPORT SERVICE ACTIVITIES,14,110604
1106000421,2,ADMINISTRATIVE AND SUPPORT SERVICE ACTIVITIES,14,110604
1106000431,4,ADMINISTRATIVE AND SUPPORT SERVICE ACTIVITIES,14,110604
1106000441,2,ADMINISTRATIVE AND SUPPORT SERVICE ACTIVITIES,14,110604
1106000451,5,CONSTRUCTION,6,110601
1106000461,4,CONSTRUCTION,6,110601
1106000471,4,CONSTRUCTION,6,110601
1106000481,2,CONSTRUCTION,6,110601
1106000491,2,TRANSPORTATION AND STORAGE,8,110607
1106000501,2,TRANSPORTATION AND STORAGE,8,110607
1106000511,2,TRANSPORTATION AND STORAGE,8,110607
1106000521,2,TRANSPORTATION AND STORAGE,8,110607
1106000531,1,HUMAN HEALTH AND SOCIAL WORK ACTIVITIES,17,110603
1106000541,1,HUMAN HEALTH AND SOCIAL WORK ACTIVITIES,17,110603
1106000551,1,HUMAN HEALTH AND SOCIAL WORK ACTIVITIES,17,110603
1106000561,1,HUMAN HEALTH AND SOCIAL WORK ACTIVITIES,17,110603
1106000571,4,ADMINISTRATIVE AND SUPPORT SERVICE ACTIVITIES,14,110608
1106000581,4,ADMINISTRATIVE AND SUPPORT SERVICE ACTIVITIES,14,110608
1106000591,4,ADMINISTRATIVE AND SUPPORT SERVICE ACTIVITIES,14,110608
1106000601,4,ADMINISTRATIVE AND SUPPORT SERVICE ACTIVITIES,14,110608
1106000611,4,TRANSPORTATION AND STORAGE,8,110606
1106000621,4,TRANSPORTATION AND STORAGE,8,110606
1106000631,4,TRANSPORTATION AND STORAGE,8,110606
1106000641,1,HUMAN HEALTH AND SOCIAL WORK ACTIVITIES,17,110613
1106000661,1,HUMAN HEALTH AND SOCIAL WORK ACTIVITIES,17,110613
1106000671,1,PUBLIC ADMINISTRATION AND DEFENCE. COMPULSORY SOCIAL SECURITY,15,110609
1106000681,2,PUBLIC ADMINISTRATION AND DEFENCE. COMPULSORY SOCIAL SECURITY,15,110609
1106000691,4,ADMINISTRATIVE AND SUPPORT SERVICE ACTIVITIES,14,110614
1106000701,2,ADMINISTRATIVE AND SUPPORT SERVICE ACTIVITIES,14,110614
1106000711,2,FINANCIAL AND INSURANCE ACTIVITIES,11,110617
1106000721,1,HUMAN HEALTH AND SOCIAL WORK ACTIVITIES,17,110602
1106000731,1,HUMAN HEALTH AND SOCIAL WORK ACTIVITIES,17,110602
1106000741,1,HUMAN HEALTH AND SOCIAL WORK ACTIVITIES,17,110602
1106000751,1,HUMAN HEALTH AND SOCIAL WORK ACTIVITIES,17,110602
1106000761,1,CONSTRUCTION,6,110605
1106000771,1,CONSTRUCTION,6,110605
1106000781,4,CONSTRUCTION,6,110605
1106000791,4,CONSTRUCTION,6,110605
1106000801,3,CONSTRUCTION,6,110611
1106000811,4,CONSTRUCTION,6,110611
1106000821,4,CONSTRUCTION,6,110611
1106000831,2,HUMAN HEALTH AND SOCIAL WORK ACTIVITIES,17,110610
1106000841,4,HUMAN HEALTH AND SOCIAL WORK ACTIVITIES,17,110610
1106000851,4,CONSTRUCTION,6,110611
1106000861,4,CONSTRUCTION,6,110611
1106000871,2,HUMAN HEALTH AND SOCIAL WORK ACTIVITIES,17,110610
1106000881,4,HUMAN HEALTH AND SOCIAL WORK ACTIVITIES,17,110610
1106000891,1,HUMAN HEALTH AND SOCIAL WORK ACTIVITIES,17,110610
1106000901,4,HUMAN HEALTH AND SOCIAL WORK ACTIVITIES,17,110610
1107000222,2,PUBLIC ADMINISTRATION AND DEFENCE. COMPULSORY SOCIAL SECURITY,15,110708
1107000232,3,MANUFACTURING,3,110704
1107000242,2,MANUFACTURING,3,110704
1107000252,4,MANUFACTURING,3,110704
1107000262,3,MANUFACTURING,3,110704
1107000272,3,FINANCIAL AND INSURANCE ACTIVITIES,11,110709
1107000282,2,TRANSPORTATION AND STORAGE,8,110702
1107000292,2,TRANSPORTATION AND STORAGE,8,110702
1107000302,2,TRANSPORTATION AND STORAGE,8,110702
1107000312,2,TRANSPORTATION AND STORAGE,8,110702
1107000322,3,TRANSPORTATION AND STORAGE,8,110703
1107000332,3,TRANSPORTATION AND STORAGE,8,110703
1107000342,3,TRANSPORTATION AND STORAGE,8,110703
1107000352,3,TRANSPORTATION AND STORAGE,8,110703
1107000362,3,TRANSPORTATION AND STORAGE,8,110703
1107000372,4,ADMINISTRATIVE AND SUPPORT SERVICE ACTIVITIES,14,110720
1107000382,4,ADMINISTRATIVE AND SUPPORT SERVICE ACTIVITIES,14,110720
1107000392,5,PUBLIC ADMINISTRATION AND DEFENCE. COMPULSORY SOCIAL SECURITY,15,110712
1107000402,5,PUBLIC ADMINISTRATION AND DEFENCE. COMPULSORY SOCIAL SECURITY,15,110712
1107000422,2,PUBLIC ADMINISTRATION AND DEFENCE. COMPULSORY SOCIAL SECURITY,15,110712
1107000432,5,PUBLIC ADMINISTRATION AND DEFENCE. COMPULSORY SOCIAL SECURITY,15,110712
1107000442,5,PUBLIC ADMINISTRATION AND DEFENCE. COMPULSORY SOCIAL SECURITY,15,110712
1107000452,5,PUBLIC ADMINISTRATION AND DEFENCE. COMPULSORY SOCIAL SECURITY,15,110712
1107000462,2,PUBLIC ADMINISTRATION AND DEFENCE. COMPULSORY SOCIAL SECURITY,15,110712
1107000472,2,ELECTRICITY. GAS. STEAM AND AIR CONDITIONING SUPPLY,4,110714
1107000482,2,MANUFACTURING,3,110710
1107000492,2,MANUFACTURING,3,110710
1107000502,2,MANUFACTURING,3,110710
1107000512,2,MANUFACTURING,3,110710
1107000522,2,MANUFACTURING,3,110710
1107000532,4,HUMAN HEALTH AND SOCIAL WORK ACTIVITIES,17,110706
1107000542,4,HUMAN HEALTH AND SOCIAL WORK ACTIVITIES,17,110706
1107000552,4,HUMAN HEALTH AND SOCIAL WORK ACTIVITIES,17,110706
1107000562,4,HUMAN HEALTH AND SOCIAL WORK ACTIVITIES,17,110706
1107000572,4,ELECTRICITY. GAS. STEAM AND AIR CONDITIONING SUPPLY,4,110714
1107000582,2,ELECTRICITY. GAS. STEAM AND AIR CONDITIONING SUPPLY,4,110714
1107000592,4,ELECTRICITY. GAS. STEAM AND AIR CONDITIONING SUPPLY,4,110714
1107000602,1,ELECTRICITY. GAS. STEAM AND AIR CONDITIONING SUPPLY,4,110714
1107000622,1,ELECTRICITY. GAS. STEAM AND AIR CONDITIONING SUPPLY,4,110701
1107000632,1,ELECTRICITY. GAS. STEAM AND AIR CONDITIONING SUPPLY,4,110701
1107000642,2,PUBLIC ADMINISTRATION AND DEFENCE. COMPULSORY SOCIAL SECURITY,15,110718
1107000652,3,PUBLIC ADMINISTRATION AND DEFENCE. COMPULSORY SOCIAL SECURITY,15,110718
1107000662,4,PUBLIC ADMINISTRATION AND DEFENCE. COMPULSORY SOCIAL SECURITY,15,110718
1107000672,2,TRANSPORTATION AND STORAGE,8,110716
1107000682,2,TRANSPORTATION AND STORAGE,8,110716
1107000692,2,TRANSPORTATION AND STORAGE,8,110716
1107000702,2,TRANSPORTATION AND STORAGE,8,110716
1107000712,3,FINANCIAL AND INSURANCE ACTIVITIES,11,110719
1107000732,1,MANUFACTURING,3,110705
1107000742,4,MANUFACTURING,3,110705
1107000752,4,MANUFACTURING,3,110705
1107000762,4,TRANSPORTATION AND STORAGE,8,110717
1107000772,4,TRANSPORTATION AND STORAGE,8,110717
1107000782,2,TRANSPORTATION AND STORAGE,8,110717
1107000792,1,TRANSPORTATION AND STORAGE,8,110717
1107000802,1,HUMAN HEALTH AND SOCIAL WORK ACTIVITIES,17,110707
1107000812,1,HUMAN HEALTH AND SOCIAL WORK ACTIVITIES,17,110711
1107000822,1,HUMAN HEALTH AND SOCIAL WORK ACTIVITIES,17,110711
1107000832,2,PUBLIC ADMINISTRATION AND DEFENCE. COMPULSORY SOCIAL SECURITY,15,110718
1107000842,4,MANUFACTURING,3,110713
1107000852,1,HUMAN HEALTH AND SOCIAL WORK ACTIVITIES,17,110711
1107000862,1,HUMAN HEALTH AND SOCIAL WORK ACTIVITIES,17,110707
1107000872,4,MANUFACTURING,3,110713
1107000882,4,MANUFACTURING,3,110713
1107000902,4,PUBLIC ADMINISTRATION AND DEFENCE. COMPULSORY SOCIAL SECURITY,15,110708
1107000992,1,FINANCIAL AND INSURANCE ACTIVITIES,11,110715
1202357301,2,TRANSPORTATION AND STORAGE,8,120209
1202510685,2,TRANSPORTATION AND STORAGE,8,120209
1202514356,2,TRANSPORTATION AND STORAGE,8,120201
1202557421,1,HUMAN HEALTH AND SOCIAL WORK ACTIVITIES,17,120203
1202557462,2,TRANSPORTATION AND STORAGE,8,120209
1202558072,4,TRANSPORTATION AND STORAGE,8,120201
1202558114,2,HUMAN HEALTH AND SOCIAL WORK ACTIVITIES,17,120208
1202558452,4,MANUFACTURING,3,120205
1202558999,3,TRANSPORTATION AND STORAGE,8,120201
1202561472,4,MANUFACTURING,3,120205
1202562637,2,TRANSPORTATION AND STORAGE,8,120209
1202562876,1,HUMAN HEALTH AND SOCIAL WORK ACTIVITIES,17,120203
1202563403,3,TRANSPORTATION AND STORAGE,8,120201
1202563726,2,HUMAN HEALTH AND SOCIAL WORK ACTIVITIES,17,120208
1202563809,2,CONSTRUCTION,6,120210
1202564245,3,CONSTRUCTION,6,120210
1202566919,4,MANUFACTURING,3,120205
1202569178,1,HUMAN HEALTH AND SOCIAL WORK ACTIVITIES,17,120207
1202570341,2,TRANSPORTATION AND STORAGE,8,120209
1202572750,2,TRANSPORTATION AND STORAGE,8,120209
1202573006,3,WHOLESALE AND RETAIL TRADE. REPAIR OF MOTOR VEHICLES AND MOTORCYCLES,7,120211
1202573360,2,TRANSPORTATION AND STORAGE,8,120201
1202573501,2,HUMAN HEALTH AND SOCIAL WORK ACTIVITIES,17,120204
1202573527,4,MANUFACTURING,3,120205
1202573550,4,CONSTRUCTION,6,120210
1202573642,1,HUMAN HEALTH AND SOCIAL WORK ACTIVITIES,17,120203
1202573659,1,HUMAN HEALTH AND SOCIAL WORK ACTIVITIES,17,120207
1202573782,2,HUMAN HEALTH AND SOCIAL WORK ACTIVITIES,17,120208
1202573832,1,HUMAN HEALTH AND SOCIAL WORK ACTIVITIES,17,120204
1202574103,2,HUMAN HEALTH AND SOCIAL WORK ACTIVITIES,17,120202
1202574137,3,TRANSPORTATION AND STORAGE,8,120201
1202574665,4,MANUFACTURING,3,120205
1202581942,4,MANUFACTURING,3,120206
1202582197,4,CONSTRUCTION,6,120210
1202624437,4,HUMAN HEALTH AND SOCIAL WORK ACTIVITIES,17,120207
1202624569,1,HUMAN HEALTH AND SOCIAL WORK ACTIVITIES,17,120204
1202641217,2,HUMAN HEALTH AND SOCIAL WORK ACTIVITIES,17,120207
1202642504,1,HUMAN HEALTH AND SOCIAL WORK ACTIVITIES,17,120204
1202642983,2,TRANSPORTATION AND STORAGE,8,120209
1202643031,2,TRANSPORTATION AND STORAGE,8,120209
1202643700,4,MANUFACTURING,3,120205
1202643924,4,MANUFACTURING,3,120205
1202644088,3,TRANSPORTATION AND STORAGE,8,120201
1202650283,3,TRANSPORTATION AND STORAGE,8,120201
1202650424,1,HUMAN HEALTH AND SOCIAL WORK ACTIVITIES,17,120204
1202650507,1,HUMAN HEALTH AND SOCIAL WORK ACTIVITIES,17,120203
1202653121,3,CONSTRUCTION,6,120210
1202654806,2,TRANSPORTATION AND STORAGE,8,120209
1202654863,4,MANUFACTURING,3,120205
1202655258,3,TRANSPORTATION AND STORAGE,8,120201
1203510685,2,HUMAN HEALTH AND SOCIAL WORK ACTIVITIES,17,120306
1203514356,2,WHOLESALE AND RETAIL TRADE. REPAIR OF MOTOR VEHICLES AND MOTORCYCLES,7,120309
1203557421,4,CONSTRUCTION,6,120319
1203557462,4,CONSTRUCTION,6,120312
1203558072,3,WHOLESALE AND RETAIL TRADE. REPAIR OF MOTOR VEHICLES AND MOTORCYCLES,7,120321
1203558114,3,CONSTRUCTION,6,120323
1203558452,4,HUMAN HEALTH AND SOCIAL WORK ACTIVITIES,17,120311
1203561472,1,HUMAN HEALTH AND SOCIAL WORK ACTIVITIES,17,120303
1203562637,4,MANUFACTURING,3,120318
1203562876,4,CONSTRUCTION,6,120319
1203563403,2,WHOLESALE AND RETAIL TRADE. REPAIR OF MOTOR VEHICLES AND MOTORCYCLES,7,120307
1203563726,4,MANUFACTURING,3,120317
1203563809,1,HUMAN HEALTH AND SOCIAL WORK ACTIVITIES,17,120308
1203564245,4,TRANSPORTATION AND STORAGE,8,120310
1203566919,2,WHOLESALE AND RETAIL TRADE. REPAIR OF MOTOR VEHICLES AND MOTORCYCLES,7,120309
1203569178,4,HUMAN HEALTH AND SOCIAL WORK ACTIVITIES,17,120311
1203570341,4,CONSTRUCTION,6,120312
1203572750,4,WHOLESALE AND RETAIL TRADE. REPAIR OF MOTOR VEHICLES AND MOTORCYCLES,7,120307
1203573006,3,WHOLESALE AND RETAIL TRADE. REPAIR OF MOTOR VEHICLES AND MOTORCYCLES,7,120322
1203573360,4,WHOLESALE AND RETAIL TRADE. REPAIR OF MOTOR VEHICLES AND MOTORCYCLES,7,120313
1203573501,4,CONSTRUCTION,6,120304
1203573527,4,MANUFACTURING,3,120320
1203573550,1,HUMAN HEALTH AND SOCIAL WORK ACTIVITIES,17,120308
1203573642,4,CONSTRUCTION,6,120319
1203573659,4,WHOLESALE AND RETAIL TRADE. REPAIR OF MOTOR VEHICLES AND MOTORCYCLES,7,120313
1203573782,4,MANUFACTURING,3,120301
1203573832,4,CONSTRUCTION,6,120304
1203574103,2,HUMAN HEALTH AND SOCIAL WORK ACTIVITIES,17,120302
1203574137,3,CONSTRUCTION,6,120323
1203574665,4,WHOLESALE AND RETAIL TRADE. REPAIR OF MOTOR VEHICLES AND MOTORCYCLES,7,120313
1203581942,1,HUMAN HEALTH AND SOCIAL WORK ACTIVITIES,17,120303
1203582197,3,TRANSPORTATION AND STORAGE,8,120310
1203624437,1,HUMAN HEALTH AND SOCIAL WORK ACTIVITIES,17,120311
1203624569,1,CONSTRUCTION,6,120304
1203641217,2,WHOLESALE AND RETAIL TRADE. REPAIR OF MOTOR VEHICLES AND MOTORCYCLES,7,120309
1203642504,4,CONSTRUCTION,6,120304
1203642983,4,MANUFACTURING,3,120305
1203643031,4,CONSTRUCTION,6,120312
1203643700,1,HUMAN HEALTH AND SOCIAL WORK ACTIVITIES,17,120311
1203643924,2,WHOLESALE AND RETAIL TRADE. REPAIR OF MOTOR VEHICLES AND MOTORCYCLES,7,120321
1203650283,2,HUMAN HEALTH AND SOCIAL WORK ACTIVITIES,17,120302
1203650507,2,CONSTRUCTION,6,120304
1203653121,1,HUMAN HEALTH AND SOCIAL WORK ACTIVITIES,17,120308
1203654806,2,HUMAN HEALTH AND SOCIAL WORK ACTIVITIES,17,120306
1203655258,3,CONSTRUCTION,6,120323
1205510685,1,HUMAN HEALTH AND SOCIAL WORK ACTIVITIES,17,120501
1205557421,1,HUMAN HEALTH AND SOCIAL WORK ACTIVITIES,17,120501
1205557462,1,HUMAN HEALTH AND SOCIAL WORK ACTIVITIES,17,120501
1205558072,1,HUMAN HEALTH AND SOCIAL WORK ACTIVITIES,17,120501
1205558114,1,HUMAN HEALTH AND SOCIAL WORK ACTIVITIES,17,120501
1205558452,1,HUMAN HEALTH AND SOCIAL WORK ACTIVITIES,17,120501
1205558999,1,HUMAN HEALTH AND SOCIAL WORK ACTIVITIES,17,120501
1205562637,1,HUMAN HEALTH AND SOCIAL WORK ACTIVITIES,17,120501
1205562876,1,HUMAN HEALTH AND SOCIAL WORK ACTIVITIES,17,120501
1205563403,1,HUMAN HEALTH AND SOCIAL WORK ACTIVITIES,17,120501
1205564245,1,ADMINISTRATIVE AND SUPPORT SERVICE ACTIVITIES,14,120502
1205566919,2,CONSTRUCTION,6,120503
1205569178,3,CONSTRUCTION,6,120503
1205573642,2,CONSTRUCTION,6,120503
1205573659,2,CONSTRUCTION,6,120503
1206572750,2,OTHER SERVICE ACTIVITIES,19,120604
1206573006,4,ADMINISTRATIVE AND SUPPORT SERVICE ACTIVITIES,14,120605
1206573360,4,OTHER SERVICE ACTIVITIES,19,120604
1206573501,4,OTHER SERVICE ACTIVITIES,19,120604
1206573527,2,ADMINISTRATIVE AND SUPPORT SERVICE ACTIVITIES,14,120605
1206573550,1,WHOLESALE AND RETAIL TRADE. REPAIR OF MOTOR VEHICLES AND MOTORCYCLES,7,120606
1206573782,3,WHOLESALE AND RETAIL TRADE. REPAIR OF MOTOR VEHICLES AND MOTORCYCLES,7,120606
1206573832,4,OTHER SERVICE ACTIVITIES,19,120604
1206574103,4,TRANSPORTATION AND STORAGE,8,120607
1206574137,2,ADMINISTRATIVE AND SUPPORT SERVICE ACTIVITIES,14,120605
1206574665,4,OTHER SERVICE ACTIVITIES,19,120604
1206641217,3,WHOLESALE AND RETAIL TRADE. REPAIR OF MOTOR VEHICLES AND MOTORCYCLES,7,120606
1206642504,1,TRANSPORTATION AND STORAGE,8,120607
1206655258,2,TRANSPORTATION AND STORAGE,8,120607
1208357301,4,WHOLESALE AND RETAIL TRADE. REPAIR OF MOTOR VEHICLES AND MOTORCYCLES,7,120812
1208510685,3,OTHER SERVICE ACTIVITIES,19,120801
1208514356,2,OTHER SERVICE ACTIVITIES,19,120803
1208557421,2,ADMINISTRATIVE AND SUPPORT SERVICE ACTIVITIES,14,120806
1208557462,2,WHOLESALE AND RETAIL TRADE. REPAIR OF MOTOR VEHICLES AND MOTORCYCLES,7,120819
1208558114,4,OTHER SERVICE ACTIVITIES,19,120807
1208558452,1,WHOLESALE AND RETAIL TRADE. REPAIR OF MOTOR VEHICLES AND MOTORCYCLES,7,120813
1208558999,1,OTHER SERVICE ACTIVITIES,19,120803
1208562637,3,WHOLESALE AND RETAIL TRADE. REPAIR OF MOTOR VEHICLES AND MOTORCYCLES,7,120809
1208562876,2,ADMINISTRATIVE AND SUPPORT SERVICE ACTIVITIES,14,120804
1208563403,2,ADMINISTRATIVE AND SUPPORT SERVICE ACTIVITIES,14,120806
1208563726,3,OTHER SERVICE ACTIVITIES,19,120816
1208563809,2,OTHER SERVICE ACTIVITIES,19,120803
1208564245,2,OTHER SERVICE ACTIVITIES,19,120818
1208566919,1,MANUFACTURING,3,120808
1208569178,4,OTHER SERVICE ACTIVITIES,19,120807
1208570341,1,OTHER SERVICE ACTIVITIES,19,120803
1208572750,1,ADMINISTRATIVE AND SUPPORT SERVICE ACTIVITIES,14,120810
1208573006,2,OTHER SERVICE ACTIVITIES,19,120802
1208573360,4,OTHER SERVICE ACTIVITIES,19,120807
1208573501,1,OTHER SERVICE ACTIVITIES,19,120814
1208573550,2,MANUFACTURING,3,120808
1208573642,2,WHOLESALE AND RETAIL TRADE. REPAIR OF MOTOR VEHICLES AND MOTORCYCLES,7,120805
1208573659,2,WHOLESALE AND RETAIL TRADE. REPAIR OF MOTOR VEHICLES AND MOTORCYCLES,7,120812
1208573782,2,ADMINISTRATIVE AND SUPPORT SERVICE ACTIVITIES,14,120811
1208573832,2,WHOLESALE AND RETAIL TRADE. REPAIR OF MOTOR VEHICLES AND MOTORCYCLES,7,120815
1208574103,2,OTHER SERVICE ACTIVITIES,19,120807
1208574137,2,ADMINISTRATIVE AND SUPPORT SERVICE ACTIVITIES,14,120804
1208574665,1,OTHER SERVICE ACTIVITIES,19,120807
1208581942,4,OTHER SERVICE ACTIVITIES,19,120803
1208582197,4,OTHER SERVICE ACTIVITIES,19,120817
1208624437,4,OTHER SERVICE ACTIVITIES,19,120803
1208624569,2,WHOLESALE AND RETAIL TRADE. REPAIR OF MOTOR VEHICLES AND MOTORCYCLES,7,120805
1208641217,1,OTHER SERVICE ACTIVITIES,19,120803
1208642983,2,WHOLESALE AND RETAIL TRADE. REPAIR OF MOTOR VEHICLES AND MOTORCYCLES,7,120819
1208643031,2,OTHER SERVICE ACTIVITIES,19,120802
1208643700,2,ADMINISTRATIVE AND SUPPORT SERVICE ACTIVITIES,14,120804
1208643924,3,ADMINISTRATIVE AND SUPPORT SERVICE ACTIVITIES,14,120811
1208644088,3,WHOLESALE AND RETAIL TRADE. REPAIR OF MOTOR VEHICLES AND MOTORCYCLES,7,120805
1208650283,2,OTHER SERVICE ACTIVITIES,19,120803
1208650424,2,ADMINISTRATIVE AND SUPPORT SERVICE ACTIVITIES,14,120804
1208650507,4,MANUFACTURING,3,120808
1208653121,2,OTHER SERVICE ACTIVITIES,19,120817
1208654806,1,OTHER SERVICE ACTIVITIES,19,120803
1208654863,3,MANUFACTURING,3,120808
1208655258,4,OTHER SERVICE ACTIVITIES,19,120818
1209357301,3,MANUFACTURING,3,120915
1209510685,3,MANUFACTURING,3,120915
1209514356,3,WHOLESALE AND RETAIL TRADE. REPAIR OF MOTOR VEHICLES AND MOTORCYCLES,7,120914
1209557421,2,FINANCIAL AND INSURANCE ACTIVITIES,11,120907
1209557462,1,WHOLESALE AND RETAIL TRADE. REPAIR OF MOTOR VEHICLES AND MOTORCYCLES,7,120914
1209558072,4,OTHER SERVICE ACTIVITIES,19,120915
1209558114,2,OTHER SERVICE ACTIVITIES,19,120901
1209558452,2,OTHER SERVICE ACTIVITIES,19,120901
1209558999,2,OTHER SERVICE ACTIVITIES,19,120903
1209562637,4,OTHER SERVICE ACTIVITIES,19,120903
1209562876,4,FINANCIAL AND INSURANCE ACTIVITIES,11,120907
1209563726,2,OTHER SERVICE ACTIVITIES,19,120901
1209563809,2,ADMINISTRATIVE AND SUPPORT SERVICE ACTIVITIES,14,120916
1209564245,4,MANUFACTURING,3,120915
1209566919,4,WHOLESALE AND RETAIL TRADE. REPAIR OF MOTOR VEHICLES AND MOTORCYCLES,7,120909
1209569178,2,OTHER SERVICE ACTIVITIES,19,120901
1209570341,4,OTHER SERVICE ACTIVITIES,19,120905
1209572750,2,OTHER SERVICE ACTIVITIES,19,120901
1209573360,2,OTHER SERVICE ACTIVITIES,19,120903
1209573501,1,OTHER SERVICE ACTIVITIES,19,120908
1209573527,4,MANUFACTURING,3,120915
1209573550,2,ADMINISTRATIVE AND SUPPORT SERVICE ACTIVITIES,14,120916
1209573642,1,WHOLESALE AND RETAIL TRADE. REPAIR OF MOTOR VEHICLES AND MOTORCYCLES,7,120913
1209573659,4,OTHER SERVICE ACTIVITIES,19,120904
1209573782,4,MANUFACTURING,3,120915
1209573832,3,OTHER SERVICE ACTIVITIES,19,120902
1209574103,3,WHOLESALE AND RETAIL TRADE. REPAIR OF MOTOR VEHICLES AND MOTORCYCLES,7,120912
1209574137,2,OTHER SERVICE ACTIVITIES,19,120901
1209574665,3,WHOLESALE AND RETAIL TRADE. REPAIR OF MOTOR VEHICLES AND MOTORCYCLES,7,120910
1209581942,4,OTHER SERVICE ACTIVITIES,19,120906
1209582197,2,OTHER SERVICE ACTIVITIES,19,120903
1209624437,4,OTHER SERVICE ACTIVITIES,19,120903
1209624569,2,ADMINISTRATIVE AND SUPPORT SERVICE ACTIVITIES,14,120916
1209641217,4,MANUFACTURING,3,120915
1209642983,2,ADMINISTRATIVE AND SUPPORT SERVICE ACTIVITIES,14,120916
1209643031,4,MANUFACTURING,3,120915
1209643700,2,OTHER SERVICE ACTIVITIES,19,120901
1209643924,2,WHOLESALE AND RETAIL TRADE. REPAIR OF MOTOR VEHICLES AND MOTORCYCLES,7,120917
1209644088,4,OTHER SERVICE ACTIVITIES,19,120911
1209650424,2,MANUFACTURING,3,120915
1209650507,4,WHOLESALE AND RETAIL TRADE. REPAIR OF MOTOR VEHICLES AND MOTORCYCLES,7,120914
1209653121,4,OTHER SERVICE ACTIVITIES,19,120904
1209654806,2,OTHER SERVICE ACTIVITIES,19,120903
1209654863,3,OTHER SERVICE ACTIVITIES,19,120908
1209655258,1,OTHER SERVICE ACTIVITIES,19,120901
1303573527,3,MANUFACTURING,3,130301
1303573642,3,MANUFACTURING,3,130301
1303643700,3,MANUFACTURING,3,130301
1303650507,3,MANUFACTURING,3,130301
1308557462,3,INFORMATION AND COMMUNICATION,10,130802
1308558072,2,MANUFACTURING,3,130806
1308558114,2,MANUFACTURING,3,130806
1308558452,4,WATER SUPPLY. SEWERAGE. WASTE MANAGEMENT AND REMEDIATION ACTIVITIES,5,130801
1308558999,2,INFORMATION AND COMMUNICATION,10,130802
1308562637,4,WATER SUPPLY. SEWERAGE. WASTE MANAGEMENT AND REMEDIATION ACTIVITIES,5,130801
1308562876,2,MANUFACTURING,3,130805
1308563809,2,WATER SUPPLY. SEWERAGE. WASTE MANAGEMENT AND REMEDIATION ACTIVITIES,5,130801
1308569178,1,WHOLESALE AND RETAIL TRADE. REPAIR OF MOTOR VEHICLES AND MOTORCYCLES,7,130802
1308570341,2,WATER SUPPLY. SEWERAGE. WASTE MANAGEMENT AND REMEDIATION ACTIVITIES,5,130801
1308572750,2,MANUFACTURING,3,130803
1308573006,1,WHOLESALE AND RETAIL TRADE. REPAIR OF MOTOR VEHICLES AND MOTORCYCLES,7,130802
1308573360,2,MANUFACTURING,3,130806
1308573527,2,MANUFACTURING,3,130806
1308573642,2,MANUFACTURING,3,130806
1308573782,4,MANUFACTURING,3,130803
1308574137,2,WHOLESALE AND RETAIL TRADE. REPAIR OF MOTOR VEHICLES AND MOTORCYCLES,7,130802
1308582197,2,WHOLESALE AND RETAIL TRADE. REPAIR OF MOTOR VEHICLES AND MOTORCYCLES,7,130802
1308641217,4,WATER SUPPLY. SEWERAGE. WASTE MANAGEMENT AND REMEDIATION ACTIVITIES,5,130801
1308643031,2,MANUFACTURING,3,130806
1308643700,2,MANUFACTURING,3,130806
1308643924,2,MANUFACTURING,3,130806
1308650507,2,MANUFACTURING,3,130806
1308654806,2,WHOLESALE AND RETAIL TRADE. REPAIR OF MOTOR VEHICLES AND MOTORCYCLES,7,130802
1308654863,4,WATER SUPPLY. SEWERAGE. WASTE MANAGEMENT AND REMEDIATION ACTIVITIES,5,130801
1308655258,4,WATER SUPPLY. SEWERAGE. WASTE MANAGEMENT AND REMEDIATION ACTIVITIES,5,130801
1310573659,1,INFORMATION AND COMMUNICATION,10,130907
1310573782,1,INFORMATION AND COMMUNICATION,10,130907
1310573832,1,INFORMATION AND COMMUNICATION,10,130907
1310574103,1,INFORMATION AND COMMUNICATION,10,130907
1310574137,1,INFORMATION AND COMMUNICATION,10,130907
1310574665,2,INFORMATION AND COMMUNICATION,10,130906
1310581942,2,INFORMATION AND COMMUNICATION,10,130906
1310582197,2,INFORMATION AND COMMUNICATION,10,130906
1310624437,4,CONSTRUCTION,6,130905
1310624569,3,CONSTRUCTION,6,130905
1310641217,2,CONSTRUCTION,6,130905
1310642504,4,CONSTRUCTION,6,130905
1310642983,1,CONSTRUCTION,6,130905
1310643700,4,PUBLIC ADMINISTRATION AND DEFENCE. COMPULSORY SOCIAL SECURITY,15,130904
1310643924,2,PUBLIC ADMINISTRATION AND DEFENCE. COMPULSORY SOCIAL SECURITY,15,130903
1310644088,1,PUBLIC ADMINISTRATION AND DEFENCE. COMPULSORY SOCIAL SECURITY,15,130903
1310650283,1,PUBLIC ADMINISTRATION AND DEFENCE. COMPULSORY SOCIAL SECURITY,15,130903
1310654806,2,PUBLIC ADMINISTRATION AND DEFENCE. COMPULSORY SOCIAL SECURITY,15,130902
1310654863,2,PUBLIC ADMINISTRATION AND DEFENCE. COMPULSORY SOCIAL SECURITY,15,130902
1310655258,1,PUBLIC ADMINISTRATION AND DEFENCE. COMPULSORY SOCIAL SECURITY,15,130901
1312357301,4,PUBLIC ADMINISTRATION AND DEFENCE. COMPULSORY SOCIAL SECURITY,15,131208
1312510685,1,PUBLIC ADMINISTRATION AND DEFENCE. COMPULSORY SOCIAL SECURITY,15,131208
1312514356,4,PUBLIC ADMINISTRATION AND DEFENCE. COMPULSORY SOCIAL SECURITY,15,131208
1312558114,1,PUBLIC ADMINISTRATION AND DEFENCE. COMPULSORY SOCIAL SECURITY,15,131208
1312558452,1,PUBLIC ADMINISTRATION AND DEFENCE. COMPULSORY SOCIAL SECURITY,15,131208
1312558999,4,PUBLIC ADMINISTRATION AND DEFENCE. COMPULSORY SOCIAL SECURITY,15,131208
1312562637,2,PUBLIC ADMINISTRATION AND DEFENCE. COMPULSORY SOCIAL SECURITY,15,131208
1312562876,4,PUBLIC ADMINISTRATION AND DEFENCE. COMPULSORY SOCIAL SECURITY,15,131208
1312564245,1,PUBLIC ADMINISTRATION AND DEFENCE. COMPULSORY SOCIAL SECURITY,15,131207
1312566919,1,PUBLIC ADMINISTRATION AND DEFENCE. COMPULSORY SOCIAL SECURITY,15,131207
1312569178,1,PUBLIC ADMINISTRATION AND DEFENCE. COMPULSORY SOCIAL SECURITY,15,131207
1312570341,2,MANUFACTURING,3,131205
1312572750,2,MANUFACTURING,3,131205
1312573006,1,PUBLIC ADMINISTRATION AND DEFENCE. COMPULSORY SOCIAL SECURITY,15,131206
1312573360,2,MANUFACTURING,3,131205
1312573501,2,MANUFACTURING,3,131205
1312573550,1,MANUFACTURING,3,131205
1312573659,2,MANUFACTURING,3,131205
1312573782,2,MANUFACTURING,3,131205
1312573832,2,MANUFACTURING,3,131205
1312574103,2,MANUFACTURING,3,131205
1312574137,1,PUBLIC ADMINISTRATION AND DEFENCE. COMPULSORY SOCIAL SECURITY,15,131206
1312574665,2,MANUFACTURING,3,131205
1312581942,2,PUBLIC ADMINISTRATION AND DEFENCE. COMPULSORY SOCIAL SECURITY,15,131204
1312624437,1,PUBLIC ADMINISTRATION AND DEFENCE. COMPULSORY SOCIAL SECURITY,15,131203
1312624569,4,PUBLIC ADMINISTRATION AND DEFENCE. COMPULSORY SOCIAL SECURITY,15,131203
1312641217,1,PROFESSIONAL. SCIENTIFIC AND TECHNICAL ACTIVITIES,13,131202
1312642504,1,PROFESSIONAL. SCIENTIFIC AND TECHNICAL ACTIVITIES,13,131202
1312642983,1,PROFESSIONAL. SCIENTIFIC AND TECHNICAL ACTIVITIES,13,131202
1312643031,1,PROFESSIONAL. SCIENTIFIC AND TECHNICAL ACTIVITIES,13,131202
1312643924,1,PUBLIC ADMINISTRATION AND DEFENCE. COMPULSORY SOCIAL SECURITY,15,131201
1312644088,2,PUBLIC ADMINISTRATION AND DEFENCE. COMPULSORY SOCIAL SECURITY,15,131201
1312650424,2,PUBLIC ADMINISTRATION AND DEFENCE. COMPULSORY SOCIAL SECURITY,15,131201
1312654806,1,PUBLIC ADMINISTRATION AND DEFENCE. COMPULSORY SOCIAL SECURITY,15,131201
1312654863,2,PUBLIC ADMINISTRATION AND DEFENCE. COMPULSORY SOCIAL SECURITY,15,131201
1312655258,1,PUBLIC ADMINISTRATION AND DEFENCE. COMPULSORY SOCIAL SECURITY,15,131201
1401514356,2,ADMINISTRATIVE AND SUPPORT SERVICE ACTIVITIES,14,140104
1401558452,1,ADMINISTRATIVE AND SUPPORT SERVICE ACTIVITIES,14,140104
1401558999,2,ADMINISTRATIVE AND SUPPORT SERVICE ACTIVITIES,14,140104
1401562876,1,ADMINISTRATIVE AND SUPPORT SERVICE ACTIVITIES,14,140104
1401564245,1,ADMINISTRATIVE AND SUPPORT SERVICE ACTIVITIES,14,140104
1401566919,1,ADMINISTRATIVE AND SUPPORT SERVICE ACTIVITIES,14,140104
1401569178,1,ADMINISTRATIVE AND SUPPORT SERVICE ACTIVITIES,14,140104
1401570341,1,ADMINISTRATIVE AND SUPPORT SERVICE ACTIVITIES,14,140104
1401572750,1,ADMINISTRATIVE AND SUPPORT SERVICE ACTIVITIES,14,140104
1401573006,1,ADMINISTRATIVE AND SUPPORT SERVICE ACTIVITIES,14,140104
1401573360,1,ADMINISTRATIVE AND SUPPORT SERVICE ACTIVITIES,14,140103
1401573501,1,ADMINISTRATIVE AND SUPPORT SERVICE ACTIVITIES,14,140103
1401573527,3,ADMINISTRATIVE AND SUPPORT SERVICE ACTIVITIES,14,140103
1401573550,1,PUBLIC ADMINISTRATION AND DEFENCE. COMPULSORY SOCIAL SECURITY,15,140102
1401573642,4,PUBLIC ADMINISTRATION AND DEFENCE. COMPULSORY SOCIAL SECURITY,15,140102
1401573659,2,PUBLIC ADMINISTRATION AND DEFENCE. COMPULSORY SOCIAL SECURITY,15,140102
1401573782,4,PUBLIC ADMINISTRATION AND DEFENCE. COMPULSORY SOCIAL SECURITY,15,140102
1401573832,2,PUBLIC ADMINISTRATION AND DEFENCE. COMPULSORY SOCIAL SECURITY,15,140102
1401574103,4,MANUFACTURING,3,140101
1401574137,2,MANUFACTURING,3,140101
1402642983,2,WHOLESALE AND RETAIL TRADE. REPAIR OF MOTOR VEHICLES AND MOTORCYCLES,7,140201
1402643031,2,WHOLESALE AND RETAIL TRADE. REPAIR OF MOTOR VEHICLES AND MOTORCYCLES,7,140201
1402643700,2,WHOLESALE AND RETAIL TRADE. REPAIR OF MOTOR VEHICLES AND MOTORCYCLES,7,140201
1402643924,2,WHOLESALE AND RETAIL TRADE. REPAIR OF MOTOR VEHICLES AND MOTORCYCLES,7,140201
1402644088,2,WHOLESALE AND RETAIL TRADE. REPAIR OF MOTOR VEHICLES AND MOTORCYCLES,7,140201
1402650424,2,WHOLESALE AND RETAIL TRADE. REPAIR OF MOTOR VEHICLES AND MOTORCYCLES,7,140201
1402654806,2,WHOLESALE AND RETAIL TRADE. REPAIR OF MOTOR VEHICLES AND MOTORCYCLES,7,140201
1402654863,2,WHOLESALE AND RETAIL TRADE. REPAIR OF MOTOR VEHICLES AND MOTORCYCLES,7,140201
1402655258,2,WHOLESALE AND RETAIL TRADE. REPAIR OF MOTOR VEHICLES AND MOTORCYCLES,7,140201
1404557421,2,MANUFACTURING,3,140406
1404557462,2,MANUFACTURING,3,140406
1404558114,2,MANUFACTURING,3,140406
1404558452,2,MANUFACTURING,3,140406
1404558999,2,MANUFACTURING,3,140406
1404562637,2,MANUFACTURING,3,140406
1404562876,2,MANUFACTURING,3,140406
1404563403,2,MANUFACTURING,3,140406
1404563726,2,MANUFACTURING,3,140406
1404563809,2,MANUFACTURING,3,140406
1404564245,2,MANUFACTURING,3,140406
1404566919,2,MANUFACTURING,3,140406
1404569178,2,MANUFACTURING,3,140406
1404570341,2,MANUFACTURING,3,140406
1404572750,2,MANUFACTURING,3,140405
1404573006,3,MANUFACTURING,3,140405
1404573360,2,MANUFACTURING,3,140405
1404573501,3,MANUFACTURING,3,140405
1404573527,3,MANUFACTURING,3,140405
1404573550,2,MANUFACTURING,3,140404
1404573659,2,MANUFACTURING,3,140404
1404573782,2,MANUFACTURING,3,140404
1404573832,2,MANUFACTURING,3,140404
1404574103,3,OTHER SERVICE ACTIVITIES,19,140403
1404574137,3,OTHER SERVICE ACTIVITIES,19,140403
1404643031,2,PUBLIC ADMINISTRATION AND DEFENCE. COMPULSORY SOCIAL SECURITY,15,140402
1404643700,2,MANUFACTURING,3,140401
1404643924,2,MANUFACTURING,3,140401
1404644088,2,MANUFACTURING,3,140401
1404650283,2,MANUFACTURING,3,140401
1404650424,2,MANUFACTURING,3,140401
1404650507,2,MANUFACTURING,3,140401
1404653121,2,MANUFACTURING,3,140401
1404654806,2,MANUFACTURING,3,140401
1404654863,2,MANUFACTURING,3,140401
1404655258,2,MANUFACTURING,3,140401
1405573360,1,HUMAN HEALTH AND SOCIAL WORK ACTIVITIES,17,140504
1405573501,1,HUMAN HEALTH AND SOCIAL WORK ACTIVITIES,17,140504
1405573527,1,HUMAN HEALTH AND SOCIAL WORK ACTIVITIES,17,140504
1405573550,1,HUMAN HEALTH AND SOCIAL WORK ACTIVITIES,17,140504
1405573642,1,HUMAN HEALTH AND SOCIAL WORK ACTIVITIES,17,140504
1405573659,4,ADMINISTRATIVE AND SUPPORT SERVICE ACTIVITIES,14,140503
1405573782,4,ADMINISTRATIVE AND SUPPORT SERVICE ACTIVITIES,14,140503
1405573832,4,ADMINISTRATIVE AND SUPPORT SERVICE ACTIVITIES,14,140503
1405643700,4,PUBLIC ADMINISTRATION AND DEFENCE. COMPULSORY SOCIAL SECURITY,15,140502
1405643924,2,PUBLIC ADMINISTRATION AND DEFENCE. COMPULSORY SOCIAL SECURITY,15,140502
1405644088,2,PUBLIC ADMINISTRATION AND DEFENCE. COMPULSORY SOCIAL SECURITY,15,140502
1405650283,2,PUBLIC ADMINISTRATION AND DEFENCE. COMPULSORY SOCIAL SECURITY,15,140502
1405650424,4,PUBLIC ADMINISTRATION AND DEFENCE. COMPULSORY SOCIAL SECURITY,15,140501
1405653121,3,PUBLIC ADMINISTRATION AND DEFENCE. COMPULSORY SOCIAL SECURITY,15,140501
1405654806,4,PUBLIC ADMINISTRATION AND DEFENCE. COMPULSORY SOCIAL SECURITY,15,140501
1405654863,4,PUBLIC ADMINISTRATION AND DEFENCE. COMPULSORY SOCIAL SECURITY,15,140501
1405655258,4,PUBLIC ADMINISTRATION AND DEFENCE. COMPULSORY SOCIAL SECURITY,15,140501
1407572750,1,MANUFACTURING,3,140706
1407573006,4,MANUFACTURING,3,140706
1407573360,1,MANUFACTURING,3,140706
1407573501,1,MANUFACTURING,3,140705
1407573550,1,MANUFACTURING,3,140705
1407573659,2,MANUFACTURING,3,140704
1407573782,2,MANUFACTURING,3,140704
1407573832,1,MANUFACTURING,3,140704
1407574103,4,PUBLIC ADMINISTRATION AND DEFENCE. COMPULSORY SOCIAL SECURITY,15,140703
1407574137,2,PUBLIC ADMINISTRATION AND DEFENCE. COMPULSORY SOCIAL SECURITY,15,140703
1407581942,4,PUBLIC ADMINISTRATION AND DEFENCE. COMPULSORY SOCIAL SECURITY,15,140703
1407624437,4,PUBLIC ADMINISTRATION AND DEFENCE. COMPULSORY SOCIAL SECURITY,15,140703
1407624569,3,MANUFACTURING,3,140702
1407641217,4,MANUFACTURING,3,140702
1407642983,1,MANUFACTURING,3,140701
1407643031,4,MANUFACTURING,3,140701
1407643700,1,MANUFACTURING,3,140701
1407643924,2,MANUFACTURING,3,140701
1407644088,1,MANUFACTURING,3,140701
1407650283,1,MANUFACTURING,3,140701
1407650424,3,MANUFACTURING,3,140701
1407650507,1,MANUFACTURING,3,140701
1407653121,1,MANUFACTURING,3,140701
1407654806,1,PUBLIC ADMINISTRATION AND DEFENCE. COMPULSORY SOCIAL SECURITY,15,140707
1407654863,1,PUBLIC ADMINISTRATION AND DEFENCE. COMPULSORY SOCIAL SECURITY,15,140707
1407655258,1,PUBLIC ADMINISTRATION AND DEFENCE. COMPULSORY SOCIAL SECURITY,15,140707
1408570341,2,TRANSPORTATION AND STORAGE,8,140801
1408654863,2,TRANSPORTATION AND STORAGE,8,140801
1408655258,2,TRANSPORTATION AND STORAGE,8,140801
1409357301,3,MANUFACTURING,3,140904
1409510685,2,MANUFACTURING,3,140904
1409558452,2,PROFESSIONAL. SCIENTIFIC AND TECHNICAL ACTIVITIES,13,140906
1409562637,3,PROFESSIONAL. SCIENTIFIC AND TECHNICAL ACTIVITIES,13,140906
1409563726,3,PROFESSIONAL. SCIENTIFIC AND TECHNICAL ACTIVITIES,13,140906
1409563809,3,PROFESSIONAL. SCIENTIFIC AND TECHNICAL ACTIVITIES,13,140906
1409570341,1,HUMAN HEALTH AND SOCIAL WORK ACTIVITIES,17,140901
1409573360,2,HUMAN HEALTH AND SOCIAL WORK ACTIVITIES,17,140905
1409573527,2,HUMAN HEALTH AND SOCIAL WORK ACTIVITIES,17,140905
1409573550,2,HUMAN HEALTH AND SOCIAL WORK ACTIVITIES,17,140905
1409573642,2,HUMAN HEALTH AND SOCIAL WORK ACTIVITIES,17,140905
1409573782,2,HUMAN HEALTH AND SOCIAL WORK ACTIVITIES,17,140905
1409643700,1,PUBLIC ADMINISTRATION AND DEFENCE. COMPULSORY SOCIAL SECURITY,15,140903
1409650424,3,MANUFACTURING,3,140902
1409650507,2,MANUFACTURING,3,140902
1409654863,1,HUMAN HEALTH AND SOCIAL WORK ACTIVITIES,17,140901
1409655258,1,HUMAN HEALTH AND SOCIAL WORK ACTIVITIES,17,140901
1412569178,3,REAL ESTATE ACTIVITIES,12,141207
1412570341,1,REAL ESTATE ACTIVITIES,12,141207
1412572750,2,INFORMATION AND COMMUNICATION,10,141206
1412573360,2,INFORMATION AND COMMUNICATION,10,141206
1412573501,1,INFORMATION AND COMMUNICATION,10,141206
1412573527,1,INFORMATION AND COMMUNICATION,10,141206
1412573550,2,INFORMATION AND COMMUNICATION,10,141206
1412573642,4,INFORMATION AND COMMUNICATION,10,141205
1412573659,2,INFORMATION AND COMMUNICATION,10,141205
1412573782,1,INFORMATION AND COMMUNICATION,10,141205
1412573832,1,INFORMATION AND COMMUNICATION,10,141205
1412574103,2,INFORMATION AND COMMUNICATION,10,141205
1412574137,3,INFORMATION AND COMMUNICATION,10,141205
1412581942,2,INFORMATION AND COMMUNICATION,10,141205
1412582197,4,PROFESSIONAL. SCIENTIFIC AND TECHNICAL ACTIVITIES,13,141204
1412624437,3,PROFESSIONAL. SCIENTIFIC AND TECHNICAL ACTIVITIES,13,141204
1412624569,2,PUBLIC ADMINISTRATION AND DEFENCE. COMPULSORY SOCIAL SECURITY,15,141203
1412641217,1,HUMAN HEALTH AND SOCIAL WORK ACTIVITIES,17,141202
1412642983,1,HUMAN HEALTH AND SOCIAL WORK ACTIVITIES,17,141202
1412643031,1,HUMAN HEALTH AND SOCIAL WORK ACTIVITIES,17,141202
1412643924,1,HUMAN HEALTH AND SOCIAL WORK ACTIVITIES,17,141202
1412644088,1,HUMAN HEALTH AND SOCIAL WORK ACTIVITIES,17,141202
1412650283,3,HUMAN HEALTH AND SOCIAL WORK ACTIVITIES,17,141202
1412650424,1,HUMAN HEALTH AND SOCIAL WORK ACTIVITIES,17,141202
1412650507,1,HUMAN HEALTH AND SOCIAL WORK ACTIVITIES,17,141202
1412653121,1,HUMAN HEALTH AND SOCIAL WORK ACTIVITIES,17,141202
1412654806,3,MANUFACTURING,3,141201
1412654863,3,MANUFACTURING,3,141201
1412655258,3,MANUFACTURING,3,141201
1501510685,4,TRANSPORTATION AND STORAGE,8,150110
1501514356,4,TRANSPORTATION AND STORAGE,8,150110
1501557421,4,TRANSPORTATION AND STORAGE,8,150110
1501563809,2,OTHER SERVICE ACTIVITIES,19,150109
1501564245,3,WHOLESALE AND RETAIL TRADE. REPAIR OF MOTOR VEHICLES AND MOTORCYCLES,7,150108
1501569178,1,WHOLESALE AND RETAIL TRADE. REPAIR OF MOTOR VEHICLES AND MOTORCYCLES,7,150108
1501570341,1,WHOLESALE AND RETAIL TRADE. REPAIR OF MOTOR VEHICLES AND MOTORCYCLES,7,150108
1501572750,2,WHOLESALE AND RETAIL TRADE. REPAIR OF MOTOR VEHICLES AND MOTORCYCLES,7,150107
1501573360,2,WHOLESALE AND RETAIL TRADE. REPAIR OF MOTOR VEHICLES AND MOTORCYCLES,7,150107
1501573501,2,WHOLESALE AND RETAIL TRADE. REPAIR OF MOTOR VEHICLES AND MOTORCYCLES,7,150107
1501573527,2,WHOLESALE AND RETAIL TRADE. REPAIR OF MOTOR VEHICLES AND MOTORCYCLES,7,150107
1501573642,4,PUBLIC ADMINISTRATION AND DEFENCE. COMPULSORY SOCIAL SECURITY,15,150106
1501573659,4,PUBLIC ADMINISTRATION AND DEFENCE. COMPULSORY SOCIAL SECURITY,15,150106
1501573782,3,WHOLESALE AND RETAIL TRADE. REPAIR OF MOTOR VEHICLES AND MOTORCYCLES,7,150105
1501573832,2,WHOLESALE AND RETAIL TRADE. REPAIR OF MOTOR VEHICLES AND MOTORCYCLES,7,150105
1501574103,4,WHOLESALE AND RETAIL TRADE. REPAIR OF MOTOR VEHICLES AND MOTORCYCLES,7,150105
1501574137,2,WHOLESALE AND RETAIL TRADE. REPAIR OF MOTOR VEHICLES AND MOTORCYCLES,7,150105
1501581942,2,MANUFACTURING,3,150104
1501582197,2,MANUFACTURING,3,150104
1501624437,3,MANUFACTURING,3,150104
1501624569,2,MANUFACTURING,3,150103
1501641217,2,MANUFACTURING,3,150103
1501642983,4,PUBLIC ADMINISTRATION AND DEFENCE. COMPULSORY SOCIAL SECURITY,15,150102
1501643031,4,PUBLIC ADMINISTRATION AND DEFENCE. COMPULSORY SOCIAL SECURITY,15,150102
1501643924,2,PUBLIC ADMINISTRATION AND DEFENCE. COMPULSORY SOCIAL SECURITY,15,150102
1501650283,2,PUBLIC ADMINISTRATION AND DEFENCE. COMPULSORY SOCIAL SECURITY,15,150102
1501650424,1,PUBLIC ADMINISTRATION AND DEFENCE. COMPULSORY SOCIAL SECURITY,15,150101
1501650507,1,PUBLIC ADMINISTRATION AND DEFENCE. COMPULSORY SOCIAL SECURITY,15,150101
1501653121,1,PUBLIC ADMINISTRATION AND DEFENCE. COMPULSORY SOCIAL SECURITY,15,150101
1501654806,1,PUBLIC ADMINISTRATION AND DEFENCE. COMPULSORY SOCIAL SECURITY,15,150101
1501654863,1,PUBLIC ADMINISTRATION AND DEFENCE. COMPULSORY SOCIAL SECURITY,15,150101
1501655258,1,PUBLIC ADMINISTRATION AND DEFENCE. COMPULSORY SOCIAL SECURITY,15,150101
1501655258,1,PUBLIC ADMINISTRATION AND DEFENCE. COMPULSORY SOCIAL SECURITY,15,150101
